timeStamp,elapsed,label,responseCode,responseMessage,threadName,dataType,success,failureMessage,bytes,sentBytes,grpThreads,allThreads,URL,Latency,IdleTime,Connect
1666874907240,3173,HomePage,200,OK,setUp Thread Group 1-11,text,true,,2394,454,30,30,https://blazedemo.com/index.php,3142,0,1816
1666874907107,3401,HomePage,200,OK,setUp Thread Group 1-7,text,true,,2411,454,30,30,https://blazedemo.com/index.php,3351,0,2344
1666874907338,3173,HomePage,200,OK,setUp Thread Group 1-14,text,true,,2185,454,30,30,https://blazedemo.com/index.php,3173,0,2110
1666874907022,3492,HomePage,200,OK,setUp Thread Group 1-4,text,true,,2208,454,30,30,https://blazedemo.com/index.php,3492,0,2441
1666874907437,3162,HomePage,200,OK,setUp Thread Group 1-17,text,true,,2323,454,30,30,https://blazedemo.com/index.php,3161,0,2187
1666874907471,3175,HomePage,200,OK,setUp Thread Group 1-18,text,true,,2287,454,30,30,https://blazedemo.com/index.php,3174,0,2091
1666874907767,2960,HomePage,200,OK,setUp Thread Group 1-27,text,true,,2332,454,30,30,https://blazedemo.com/index.php,2960,0,1987
1666874907801,2960,HomePage,200,OK,setUp Thread Group 1-28,text,true,,2410,454,30,30,https://blazedemo.com/index.php,2959,0,2112
1666874910417,557,HomePage,200,OK,setUp Thread Group 1-11,text,true,,2407,454,30,30,https://blazedemo.com/index.php,551,0,0
1666874910512,580,HomePage,200,OK,setUp Thread Group 1-14,text,true,,2245,454,30,30,https://blazedemo.com/index.php,580,0,0
1666874910515,567,HomePage,200,OK,setUp Thread Group 1-4,text,true,,2383,454,30,30,https://blazedemo.com/index.php,562,0,0
1666874910510,569,HomePage,200,OK,setUp Thread Group 1-7,text,true,,2270,454,30,30,https://blazedemo.com/index.php,568,0,0
1666874907833,3245,HomePage,200,OK,setUp Thread Group 1-29,text,true,,2283,454,30,30,https://blazedemo.com/index.php,3244,0,2590
1666874910600,496,HomePage,200,OK,setUp Thread Group 1-17,text,true,,2262,454,30,30,https://blazedemo.com/index.php,496,0,0
1666874910647,616,HomePage,200,OK,setUp Thread Group 1-18,text,true,,2407,454,30,30,https://blazedemo.com/index.php,616,0,0
1666874910728,556,HomePage,200,OK,setUp Thread Group 1-27,text,true,,2200,454,30,30,https://blazedemo.com/index.php,550,0,0
1666874910761,674,HomePage,200,OK,setUp Thread Group 1-28,text,true,,2279,454,30,30,https://blazedemo.com/index.php,665,0,0
1666874911093,994,HomePage,200,OK,setUp Thread Group 1-4,text,true,,2244,454,30,30,https://blazedemo.com/index.php,988,0,0
1666874911096,994,HomePage,200,OK,setUp Thread Group 1-17,text,true,,2193,454,29,29,https://blazedemo.com/index.php,994,0,0
1666874911264,968,HomePage,200,OK,setUp Thread Group 1-18,text,true,,2289,454,28,28,https://blazedemo.com/index.php,917,0,0
1666874911436,797,HomePage,200,OK,setUp Thread Group 1-28,text,true,,2255,454,28,28,https://blazedemo.com/index.php,797,0,0
1666874911093,1174,HomePage,200,OK,setUp Thread Group 1-14,text,true,,2297,454,26,26,https://blazedemo.com/index.php,1174,0,0
1666874911093,1202,HomePage,200,OK,setUp Thread Group 1-7,text,true,,2348,454,25,25,https://blazedemo.com/index.php,1190,0,0
1666874911093,1204,HomePage,200,OK,setUp Thread Group 1-29,text,true,,2394,454,24,24,https://blazedemo.com/index.php,1204,0,0
1666874907536,4814,HomePage,200,OK,setUp Thread Group 1-20,text,true,,2300,454,24,24,https://blazedemo.com/index.php,4814,0,1520
1666874911285,1070,HomePage,200,OK,setUp Thread Group 1-27,text,true,,2280,454,24,24,https://blazedemo.com/index.php,1065,0,0
1666874912350,496,HomePage,200,OK,setUp Thread Group 1-20,text,true,,2228,454,23,23,https://blazedemo.com/index.php,496,0,0
1666874907734,5244,HomePage,200,OK,setUp Thread Group 1-26,text,true,,2389,454,23,23,https://blazedemo.com/index.php,5243,0,2699
1666874907075,6079,HomePage,200,OK,setUp Thread Group 1-6,text,true,,2269,454,23,23,https://blazedemo.com/index.php,6074,0,5598
1666874907669,5663,HomePage,200,OK,setUp Thread Group 1-24,text,true,,2231,454,23,23,https://blazedemo.com/index.php,5657,0,5049
1666874906957,6705,HomePage,200,OK,setUp Thread Group 1-2,text,true,,2194,454,23,23,https://blazedemo.com/index.php,6697,0,3794
1666874912297,1460,HomePage,200,OK,setUp Thread Group 1-29,text,true,,2272,454,23,23,https://blazedemo.com/index.php,1460,0,0
1666874912978,790,HomePage,200,OK,setUp Thread Group 1-26,text,true,,2276,454,22,22,https://blazedemo.com/index.php,790,0,0
1666874913155,801,HomePage,200,OK,setUp Thread Group 1-6,text,true,,2330,454,22,22,https://blazedemo.com/index.php,801,0,0
1666874907142,6895,HomePage,200,OK,setUp Thread Group 1-8,text,true,,2238,454,22,22,https://blazedemo.com/index.php,6895,0,6168
1666874907405,6663,HomePage,200,OK,setUp Thread Group 1-16,text,true,,2178,454,22,22,https://blazedemo.com/index.php,6663,0,5909
1666874913332,798,HomePage,200,OK,setUp Thread Group 1-24,text,true,,2288,454,22,22,https://blazedemo.com/index.php,786,0,0
1666874910974,3211,HomePage,200,OK,setUp Thread Group 1-11,text,true,,2286,454,22,22,https://blazedemo.com/index.php,3201,0,0
1666874907505,6720,HomePage,200,OK,setUp Thread Group 1-19,text,true,,2383,454,21,21,https://blazedemo.com/index.php,6720,0,6078
1666874913662,630,HomePage,200,OK,setUp Thread Group 1-2,text,true,,2206,454,21,21,https://blazedemo.com/index.php,581,0,0
1666874907570,6771,HomePage,200,OK,setUp Thread Group 1-21,text,true,,2166,454,21,21,https://blazedemo.com/index.php,6770,0,6267
1666874913769,584,HomePage,200,OK,setUp Thread Group 1-26,text,true,,2333,454,21,21,https://blazedemo.com/index.php,583,0,0
1666874907373,7012,HomePage,200,OK,setUp Thread Group 1-15,text,true,,2192,454,20,20,https://blazedemo.com/index.php,7012,0,6473
1666874906989,7406,HomePage,200,OK,setUp Thread Group 1-3,text,true,,2276,454,20,20,https://blazedemo.com/index.php,7396,0,6874
1666874907602,6854,HomePage,200,OK,setUp Thread Group 1-22,text,true,,2309,454,20,20,https://blazedemo.com/index.php,6807,0,6261
1666874907635,6830,HomePage,200,OK,setUp Thread Group 1-23,text,true,,2320,454,20,20,https://blazedemo.com/index.php,6822,0,6254
1666874907056,7457,HomePage,200,OK,setUp Thread Group 1-5,text,true,,2167,454,20,20,https://blazedemo.com/index.php,7456,0,6889
1666874907305,7214,HomePage,200,OK,setUp Thread Group 1-13,text,true,,2226,454,20,20,https://blazedemo.com/index.php,7213,0,6630
1666874906957,7576,HomePage,200,OK,setUp Thread Group 1-1,text,true,,2264,454,20,20,https://blazedemo.com/index.php,7562,0,7000
1666874913957,658,HomePage,200,OK,setUp Thread Group 1-6,text,true,,2176,454,20,20,https://blazedemo.com/index.php,639,0,0
1666874914038,596,HomePage,200,OK,setUp Thread Group 1-8,text,true,,2166,454,19,19,https://blazedemo.com/index.php,591,0,0
1666874907701,6964,HomePage,200,OK,setUp Thread Group 1-25,text,true,,2363,454,19,19,https://blazedemo.com/index.php,6964,0,5658
1666874914293,501,HomePage,200,OK,setUp Thread Group 1-2,text,true,,2257,454,19,19,https://blazedemo.com/index.php,500,0,0
1666874914386,453,HomePage,200,OK,setUp Thread Group 1-15,text,true,,2364,454,18,18,https://blazedemo.com/index.php,453,0,0
1666874914341,558,HomePage,200,OK,setUp Thread Group 1-21,text,true,,2200,454,18,18,https://blazedemo.com/index.php,503,0,0
1666874914457,492,HomePage,200,OK,setUp Thread Group 1-22,text,true,,2165,454,18,18,https://blazedemo.com/index.php,491,0,0
1666874914519,568,HomePage,200,OK,setUp Thread Group 1-13,text,true,,2173,454,18,18,https://blazedemo.com/index.php,568,0,0
1666874914514,633,HomePage,200,OK,setUp Thread Group 1-5,text,true,,2358,454,18,18,https://blazedemo.com/index.php,601,0,0
1666874907207,7978,HomePage,200,OK,setUp Thread Group 1-10,text,true,,2351,454,18,18,https://blazedemo.com/index.php,7977,0,6832
1666874914666,580,HomePage,200,OK,setUp Thread Group 1-25,text,true,,2218,454,18,18,https://blazedemo.com/index.php,574,0,0
1666874914950,909,HomePage,200,OK,setUp Thread Group 1-22,text,true,,2161,454,18,18,https://blazedemo.com/index.php,907,0,0
1666874915147,927,HomePage,200,OK,setUp Thread Group 1-5,text,true,,2292,454,17,17,https://blazedemo.com/index.php,926,0,0
1666874915186,1011,HomePage,200,OK,setUp Thread Group 1-10,text,true,,2225,454,16,16,https://blazedemo.com/index.php,1002,0,0
1666874914396,1993,HomePage,200,OK,setUp Thread Group 1-3,text,true,,2260,454,16,16,https://blazedemo.com/index.php,1992,0,0
1666874912847,3561,HomePage,200,OK,setUp Thread Group 1-20,text,true,,2190,454,16,16,https://blazedemo.com/index.php,3559,0,0
1666874907273,9166,HomePage,200,OK,setUp Thread Group 1-12,text,true,,2268,454,15,15,https://blazedemo.com/index.php,9132,0,6373
1666874914840,1600,HomePage,200,OK,setUp Thread Group 1-15,text,true,,2333,454,15,15,https://blazedemo.com/index.php,1600,0,0
1666874914900,1786,HomePage,200,OK,setUp Thread Group 1-21,text,true,,2291,454,14,14,https://blazedemo.com/index.php,1786,0,0
1666874915247,1710,HomePage,200,OK,setUp Thread Group 1-25,text,true,,2184,454,13,13,https://blazedemo.com/index.php,1710,0,0
1666874916198,800,HomePage,200,OK,setUp Thread Group 1-10,text,true,,2306,454,12,12,https://blazedemo.com/index.php,784,0,0
1666874914534,2536,HomePage,200,OK,setUp Thread Group 1-1,text,true,,2302,454,11,11,https://blazedemo.com/index.php,2522,0,0
1666874916440,833,HomePage,200,OK,setUp Thread Group 1-12,text,true,,2287,454,11,11,https://blazedemo.com/index.php,832,0,0
1666874914068,3294,HomePage,200,OK,setUp Thread Group 1-16,text,true,,2368,454,11,11,https://blazedemo.com/index.php,3276,0,0
1666874914130,3307,HomePage,200,OK,setUp Thread Group 1-24,text,true,,2293,454,11,11,https://blazedemo.com/index.php,3307,0,0
1666874914226,3300,HomePage,200,OK,setUp Thread Group 1-19,text,true,,2174,454,10,10,https://blazedemo.com/index.php,3292,0,0
1666874916390,1288,HomePage,200,OK,setUp Thread Group 1-3,text,true,,2337,454,10,10,https://blazedemo.com/index.php,1288,0,0
1666874914466,3339,HomePage,200,OK,setUp Thread Group 1-23,text,true,,2246,454,9,9,https://blazedemo.com/index.php,3339,0,0
1666874914634,3282,HomePage,200,OK,setUp Thread Group 1-8,text,true,,2200,454,9,9,https://blazedemo.com/index.php,3276,0,0
1666874917071,883,HomePage,200,OK,setUp Thread Group 1-1,text,true,,2406,454,8,8,https://blazedemo.com/index.php,883,0,0
1666874915088,2919,HomePage,200,OK,setUp Thread Group 1-13,text,true,,2360,454,7,7,https://blazedemo.com/index.php,2474,0,0
1666874917273,785,HomePage,200,OK,setUp Thread Group 1-12,text,true,,2385,454,6,6,https://blazedemo.com/index.php,783,0,0
1666874917363,762,HomePage,200,OK,setUp Thread Group 1-16,text,true,,2310,454,5,5,https://blazedemo.com/index.php,762,0,0
1666874917527,1054,HomePage,200,OK,setUp Thread Group 1-19,text,true,,2297,454,4,4,https://blazedemo.com/index.php,1021,0,0
1666874917806,921,HomePage,200,OK,setUp Thread Group 1-23,text,true,,2202,454,3,3,https://blazedemo.com/index.php,920,0,0
1666874907880,12459,HomePage,Non HTTP response code: org.apache.http.NoHttpResponseException,Non HTTP response message: blazedemo.com:443 failed to respond,setUp Thread Group 1-30,text,false,,2094,0,2,2,https://blazedemo.com/index.php,0,0,12457
1666874907173,13174,HomePage,Non HTTP response code: org.apache.http.NoHttpResponseException,Non HTTP response message: blazedemo.com:443 failed to respond,setUp Thread Group 1-9,text,false,,2094,0,2,2,https://blazedemo.com/index.php,0,0,13174
1666874920340,895,HomePage,200,OK,setUp Thread Group 1-30,text,true,,2204,454,2,2,https://blazedemo.com/index.php,894,0,284
1666874920348,899,HomePage,200,OK,setUp Thread Group 1-9,text,true,,2349,454,2,2,https://blazedemo.com/index.php,895,0,394
1666874921236,438,HomePage,200,OK,setUp Thread Group 1-30,text,true,,2362,454,2,2,https://blazedemo.com/index.php,433,0,0
1666874921248,437,HomePage,200,OK,setUp Thread Group 1-9,text,true,,2210,454,1,1,https://blazedemo.com/index.php,427,0,0
1666874921771,1072,ReserveFlight,200,OK,Reservation 1-1,text,true,,2303,640,30,30,https://blazedemo.com/reserve.php,1023,0,225
1666874921804,1410,ReserveFlight,200,OK,Reservation 1-2,text,true,,2437,640,30,30,https://blazedemo.com/reserve.php,1408,0,251
1666874921839,1779,ReserveFlight,200,OK,Reservation 1-3,text,true,,2421,640,30,30,https://blazedemo.com/reserve.php,1766,0,313
1666874921870,1758,ReserveFlight,200,OK,Reservation 1-4,text,true,,2250,640,30,30,https://blazedemo.com/reserve.php,1752,0,328
1666874921898,1776,ReserveFlight,200,OK,Reservation 1-5,text,true,,2273,640,30,30,https://blazedemo.com/reserve.php,1776,0,351
1666874921931,1776,ReserveFlight,200,OK,Reservation 1-6,text,true,,2392,640,30,30,https://blazedemo.com/reserve.php,1775,0,557
1666874921963,2207,ReserveFlight,200,OK,Reservation 1-7,text,true,,2488,640,30,30,https://blazedemo.com/reserve.php,2201,0,804
1666874921996,2580,ReserveFlight,200,OK,Reservation 1-8,text,true,,2366,640,30,30,https://blazedemo.com/reserve.php,2567,0,1217
1666874923215,1362,PurchaseTicket,200,OK,Reservation 1-2,text,true,,2512,689,30,30,https://blazedemo.com/purchase.php,1362,0,0
1666874922029,2639,ReserveFlight,200,OK,Reservation 1-9,text,true,,2417,640,30,30,https://blazedemo.com/reserve.php,2591,0,1296
1666874922063,3076,ReserveFlight,200,OK,Reservation 1-10,text,true,,2495,640,30,30,https://blazedemo.com/reserve.php,3076,0,1412
1666874922844,2419,PurchaseTicket,200,OK,Reservation 1-1,text,true,,2620,689,30,30,https://blazedemo.com/purchase.php,2418,0,0
1666874922097,3173,ReserveFlight,200,OK,Reservation 1-11,text,true,,2384,640,30,30,https://blazedemo.com/reserve.php,3172,0,1509
1666874922195,3078,ReserveFlight,200,OK,Reservation 1-14,text,true,,2401,640,30,30,https://blazedemo.com/reserve.php,3074,0,1493
1666874923618,1784,PurchaseTicket,200,OK,Reservation 1-3,text,true,,2554,689,30,30,https://blazedemo.com/purchase.php,1582,0,0
1666874922162,3240,ReserveFlight,200,OK,Reservation 1-13,text,true,,2309,640,30,30,https://blazedemo.com/reserve.php,3240,0,1534
1666874924170,1236,PurchaseTicket,200,OK,Reservation 1-7,text,true,,2614,689,30,30,https://blazedemo.com/purchase.php,1236,0,0
1666874922460,3077,ReserveFlight,200,OK,Reservation 1-22,text,true,,2274,640,30,30,https://blazedemo.com/reserve.php,3076,0,1851
1666874922328,3234,ReserveFlight,200,OK,Reservation 1-18,text,true,,2375,640,30,30,https://blazedemo.com/reserve.php,3229,0,1975
1666874922294,3314,ReserveFlight,200,OK,Reservation 1-17,text,true,,2269,640,30,30,https://blazedemo.com/reserve.php,3313,0,1966
1666874922360,3288,ReserveFlight,200,OK,Reservation 1-19,text,true,,2482,640,30,30,https://blazedemo.com/reserve.php,3288,0,2121
1666874924577,1218,PurchaseTicket,200,OK,Reservation 1-8,text,true,,2503,689,30,30,https://blazedemo.com/purchase.php,1213,0,0
1666874922426,3529,ReserveFlight,200,OK,Reservation 1-21,text,true,,2475,640,30,30,https://blazedemo.com/reserve.php,3527,0,1997
1666874922227,3852,ReserveFlight,200,OK,Reservation 1-15,text,true,,2490,640,30,30,https://blazedemo.com/reserve.php,3852,0,1958
1666874922491,3592,ReserveFlight,200,OK,Reservation 1-23,text,true,,2335,640,30,30,https://blazedemo.com/reserve.php,3525,0,2242
1666874922261,3840,ReserveFlight,200,OK,Reservation 1-16,text,true,,2453,640,30,30,https://blazedemo.com/reserve.php,3840,0,2026
1666874923674,2557,PurchaseTicket,200,OK,Reservation 1-5,text,true,,2611,689,30,30,https://blazedemo.com/purchase.php,2557,0,0
1666874923629,2693,PurchaseTicket,200,OK,Reservation 1-4,text,true,,2446,689,30,30,https://blazedemo.com/purchase.php,2692,0,0
1666874922394,3976,ReserveFlight,200,OK,Reservation 1-20,text,true,,2344,640,30,30,https://blazedemo.com/reserve.php,3970,0,2109
1666874923707,2706,PurchaseTicket,200,OK,Reservation 1-6,text,true,,2468,689,30,30,https://blazedemo.com/purchase.php,2705,0,0
1666874925140,1378,PurchaseTicket,200,OK,Reservation 1-10,text,true,,2661,689,30,30,https://blazedemo.com/purchase.php,1322,0,0
1666874925265,1291,ReserveFlight,200,OK,Reservation 1-1,text,true,,2370,640,30,30,https://blazedemo.com/reserve.php,1259,0,0
1666874922129,4529,ReserveFlight,200,OK,Reservation 1-12,text,true,,2434,640,30,30,https://blazedemo.com/reserve.php,4433,0,3030
1666874925270,1412,PurchaseTicket,200,OK,Reservation 1-11,text,true,,2611,689,30,30,https://blazedemo.com/purchase.php,1406,0,0
1666874925274,1442,PurchaseTicket,200,OK,Reservation 1-14,text,true,,2469,689,30,30,https://blazedemo.com/purchase.php,1442,0,0
1666874924578,2138,ReserveFlight,200,OK,Reservation 1-2,text,true,,2479,640,30,30,https://blazedemo.com/reserve.php,2138,0,0
1666874922558,4172,ReserveFlight,200,OK,Reservation 1-25,text,true,,2452,640,30,30,https://blazedemo.com/reserve.php,4171,0,2290
1666874925402,1328,ReserveFlight,200,OK,Reservation 1-3,text,true,,2419,640,30,30,https://blazedemo.com/reserve.php,1327,0,0
1666874925563,1171,PurchaseTicket,200,OK,Reservation 1-18,text,true,,2529,689,30,30,https://blazedemo.com/purchase.php,1171,0,0
1666874925537,1197,PurchaseTicket,200,OK,Reservation 1-22,text,true,,2524,689,30,30,https://blazedemo.com/purchase.php,1192,0,0
1666874925608,1344,PurchaseTicket,200,OK,Reservation 1-17,text,true,,2451,689,30,30,https://blazedemo.com/purchase.php,1344,0,0
1666874925403,1598,PurchaseTicket,200,OK,Reservation 1-13,text,true,,2654,689,30,30,https://blazedemo.com/purchase.php,1597,0,0
1666874925649,1492,PurchaseTicket,200,OK,Reservation 1-19,text,true,,2443,689,30,30,https://blazedemo.com/purchase.php,1421,0,0
1666874922592,4672,ReserveFlight,200,OK,Reservation 1-26,text,true,,2269,640,30,30,https://blazedemo.com/reserve.php,4660,0,3016
1666874925795,1471,ReserveFlight,200,OK,Reservation 1-8,text,true,,2293,640,30,30,https://blazedemo.com/reserve.php,1469,0,0
1666874924669,2657,PurchaseTicket,200,OK,Reservation 1-9,text,true,,2512,689,30,30,https://blazedemo.com/purchase.php,2656,0,0
1666874926080,1247,PurchaseTicket,200,OK,Reservation 1-15,text,true,,2592,689,30,30,https://blazedemo.com/purchase.php,1247,0,0
1666874922625,4739,ReserveFlight,200,OK,Reservation 1-27,text,true,,2451,640,30,30,https://blazedemo.com/reserve.php,4739,0,2367
1666874926322,1044,ReserveFlight,200,OK,Reservation 1-4,text,true,,2422,640,30,30,https://blazedemo.com/reserve.php,1043,0,0
1666874926232,1134,ReserveFlight,200,OK,Reservation 1-5,text,true,,2490,640,30,30,https://blazedemo.com/reserve.php,1134,0,0
1666874926413,1059,ReserveFlight,200,OK,Reservation 1-6,text,true,,2278,640,30,30,https://blazedemo.com/reserve.php,951,0,0
1666874926370,1210,PurchaseTicket,200,OK,Reservation 1-20,text,true,,2476,689,30,30,https://blazedemo.com/purchase.php,1209,0,0
1666874926519,1079,ReserveFlight,200,OK,Reservation 1-10,text,true,,2332,640,30,30,https://blazedemo.com/reserve.php,1079,0,0
1666874926557,1058,PurchaseTicket,200,OK,Reservation 1-1,text,true,,2576,689,30,30,https://blazedemo.com/purchase.php,1042,0,0
1666874926682,1008,ReserveFlight,200,OK,Reservation 1-11,text,true,,2385,640,30,30,https://blazedemo.com/reserve.php,1001,0,0
1666874926734,1021,ReserveFlight,200,OK,Reservation 1-18,text,true,,2267,640,30,30,https://blazedemo.com/reserve.php,1020,0,0
1666874926953,907,ReserveFlight,200,OK,Reservation 1-17,text,true,,2495,640,30,30,https://blazedemo.com/reserve.php,831,0,0
1666874926101,1759,PurchaseTicket,200,OK,Reservation 1-16,text,true,,2686,689,30,30,https://blazedemo.com/purchase.php,1753,0,0
1666874926735,1124,ReserveFlight,200,OK,Reservation 1-22,text,true,,2340,640,30,30,https://blazedemo.com/reserve.php,1107,0,0
1666874927001,878,ReserveFlight,200,OK,Reservation 1-13,text,true,,2256,640,30,30,https://blazedemo.com/reserve.php,818,0,0
1666874927142,852,ReserveFlight,200,OK,Reservation 1-19,text,true,,2286,640,30,30,https://blazedemo.com/reserve.php,846,0,0
1666874927265,795,PurchaseTicket,200,OK,Reservation 1-26,text,true,,2617,689,30,30,https://blazedemo.com/purchase.php,791,0,0
1666874927266,796,PurchaseTicket,200,OK,Reservation 1-8,text,true,,2607,689,30,30,https://blazedemo.com/purchase.php,796,0,0
1666874927365,707,PurchaseTicket,200,OK,Reservation 1-27,text,true,,2461,689,30,30,https://blazedemo.com/purchase.php,702,0,0
1666874927472,606,PurchaseTicket,200,OK,Reservation 1-6,text,true,,2666,689,30,30,https://blazedemo.com/purchase.php,600,0,0
1666874927326,753,ReserveFlight,200,OK,Reservation 1-9,text,true,,2481,640,30,30,https://blazedemo.com/reserve.php,752,0,0
1666874927366,758,PurchaseTicket,200,OK,Reservation 1-4,text,true,,2643,689,30,30,https://blazedemo.com/purchase.php,720,0,0
1666874927599,689,PurchaseTicket,200,OK,Reservation 1-10,text,true,,2497,689,30,30,https://blazedemo.com/purchase.php,689,0,0
1666874927580,717,ReserveFlight,200,OK,Reservation 1-20,text,true,,2416,640,30,30,https://blazedemo.com/reserve.php,707,0,0
1666874927690,707,PurchaseTicket,200,OK,Reservation 1-11,text,true,,2621,689,30,30,https://blazedemo.com/purchase.php,701,0,0
1666874926730,1682,PurchaseTicket,200,OK,Reservation 1-25,text,true,,2499,689,30,30,https://blazedemo.com/purchase.php,1682,0,0
1666874927860,734,PurchaseTicket,200,OK,Reservation 1-17,text,true,,2522,689,30,30,https://blazedemo.com/purchase.php,734,0,0
1666874927860,940,ReserveFlight,200,OK,Reservation 1-16,text,true,,2476,640,30,30,https://blazedemo.com/reserve.php,934,0,0
1666874927994,816,PurchaseTicket,200,OK,Reservation 1-19,text,true,,2679,689,30,30,https://blazedemo.com/purchase.php,816,0,0
1666874926717,2102,ReserveFlight,200,OK,Reservation 1-14,text,true,,2270,640,30,30,https://blazedemo.com/reserve.php,2101,0,0
1666874928061,758,ReserveFlight,200,OK,Reservation 1-26,text,true,,2496,640,30,30,https://blazedemo.com/reserve.php,758,0,0
1666874928062,952,ReserveFlight,200,OK,Reservation 1-8,text,true,,2372,640,30,30,https://blazedemo.com/reserve.php,889,0,0
1666874928073,971,ReserveFlight,200,OK,Reservation 1-27,text,true,,2254,640,30,30,https://blazedemo.com/reserve.php,962,0,0
1666874928080,965,ReserveFlight,200,OK,Reservation 1-6,text,true,,2294,640,30,30,https://blazedemo.com/reserve.php,965,0,0
1666874928080,1087,PurchaseTicket,200,OK,Reservation 1-9,text,true,,2635,689,30,30,https://blazedemo.com/purchase.php,968,0,0
1666874922656,6568,ReserveFlight,200,OK,Reservation 1-28,text,true,,2253,640,30,30,https://blazedemo.com/reserve.php,6563,0,5417
1666874928126,1099,ReserveFlight,200,OK,Reservation 1-4,text,true,,2497,640,30,30,https://blazedemo.com/reserve.php,1042,0,0
1666874927860,1417,PurchaseTicket,200,OK,Reservation 1-22,text,true,,2491,689,30,30,https://blazedemo.com/purchase.php,1399,0,0
1666874927880,1506,PurchaseTicket,200,OK,Reservation 1-13,text,true,,2630,689,30,30,https://blazedemo.com/purchase.php,1434,0,0
1666874925956,3456,PurchaseTicket,200,OK,Reservation 1-21,text,true,,2691,689,30,30,https://blazedemo.com/purchase.php,3422,0,0
1666874925406,4006,ReserveFlight,200,OK,Reservation 1-7,text,true,,2433,640,30,30,https://blazedemo.com/reserve.php,4006,0,0
1666874928290,1223,ReserveFlight,200,OK,Reservation 1-10,text,true,,2481,640,30,30,https://blazedemo.com/reserve.php,1147,0,0
1666874926731,2781,PurchaseTicket,200,OK,Reservation 1-3,text,true,,2670,689,30,30,https://blazedemo.com/purchase.php,2693,0,0
1666874928299,1305,PurchaseTicket,200,OK,Reservation 1-20,text,true,,2640,689,30,30,https://blazedemo.com/purchase.php,1304,0,0
1666874922525,7157,ReserveFlight,200,OK,Reservation 1-24,text,true,,2345,640,30,30,https://blazedemo.com/reserve.php,7157,0,5890
1666874928414,1274,ReserveFlight,200,OK,Reservation 1-25,text,true,,2388,640,30,30,https://blazedemo.com/reserve.php,1274,0,0
1666874927328,2390,ReserveFlight,200,OK,Reservation 1-15,text,true,,2280,640,30,30,https://blazedemo.com/reserve.php,2389,0,0
1666874922723,7019,ReserveFlight,200,OK,Reservation 1-30,text,true,,2496,640,30,30,https://blazedemo.com/reserve.php,7018,0,5886
1666874927755,2079,PurchaseTicket,200,OK,Reservation 1-18,text,true,,2633,689,30,30,https://blazedemo.com/purchase.php,2079,0,0
1666874928812,1133,ReserveFlight,200,OK,Reservation 1-19,text,true,,2475,640,30,30,https://blazedemo.com/reserve.php,1099,0,0
1666874928802,1144,PurchaseTicket,200,OK,Reservation 1-16,text,true,,2499,689,30,30,https://blazedemo.com/purchase.php,1144,0,0
1666874926084,3861,PurchaseTicket,200,OK,Reservation 1-23,text,true,,2628,689,30,30,https://blazedemo.com/purchase.php,3861,0,0
1666874922689,7312,ReserveFlight,200,OK,Reservation 1-29,text,true,,2456,640,30,30,https://blazedemo.com/reserve.php,7312,0,5916
1666874926658,3360,PurchaseTicket,200,OK,Reservation 1-12,text,true,,2645,689,30,30,https://blazedemo.com/purchase.php,3293,0,0
1666874928821,1305,PurchaseTicket,200,OK,Reservation 1-26,text,true,,2457,689,30,30,https://blazedemo.com/purchase.php,1305,0,0
1666874928820,1320,PurchaseTicket,200,OK,Reservation 1-14,text,true,,2532,689,30,30,https://blazedemo.com/purchase.php,1305,0,0
1666874929015,1128,PurchaseTicket,200,OK,Reservation 1-8,text,true,,2647,689,30,30,https://blazedemo.com/purchase.php,1128,0,0
1666874929045,1302,PurchaseTicket,200,OK,Reservation 1-27,text,true,,2668,689,29,29,https://blazedemo.com/purchase.php,1296,0,0
1666874929279,1274,ReserveFlight,200,OK,Reservation 1-22,text,true,,2283,640,29,29,https://blazedemo.com/reserve.php,1267,0,0
1666874929226,1341,PurchaseTicket,200,OK,Reservation 1-28,text,true,,2500,689,29,29,https://blazedemo.com/purchase.php,1336,0,0
1666874929387,1322,ReserveFlight,200,OK,Reservation 1-13,text,true,,2400,640,29,29,https://blazedemo.com/reserve.php,1318,0,0
1666874928399,2357,ReserveFlight,200,OK,Reservation 1-11,text,true,,2494,640,29,29,https://blazedemo.com/reserve.php,2357,0,0
1666874929514,1292,ReserveFlight,200,OK,Reservation 1-3,text,true,,2341,640,29,29,https://blazedemo.com/reserve.php,1292,0,0
1666874929413,1393,ReserveFlight,200,OK,Reservation 1-21,text,true,,2378,640,29,29,https://blazedemo.com/reserve.php,1342,0,0
1666874929413,1393,PurchaseTicket,200,OK,Reservation 1-7,text,true,,2518,689,29,29,https://blazedemo.com/purchase.php,1393,0,0
1666874929513,1303,PurchaseTicket,200,OK,Reservation 1-10,text,true,,2497,689,29,29,https://blazedemo.com/purchase.php,1293,0,0
1666874929604,1256,ReserveFlight,200,OK,Reservation 1-20,text,true,,2355,640,28,28,https://blazedemo.com/reserve.php,1240,0,0
1666874929226,1634,PurchaseTicket,200,OK,Reservation 1-4,text,true,,2521,689,28,28,https://blazedemo.com/purchase.php,1207,0,0
1666874929684,1319,PurchaseTicket,200,OK,Reservation 1-24,text,true,,2562,689,27,27,https://blazedemo.com/purchase.php,1314,0,0
1666874929167,1886,ReserveFlight,200,OK,Reservation 1-9,text,true,,2282,640,27,27,https://blazedemo.com/reserve.php,1864,0,0
1666874926717,4336,PurchaseTicket,200,OK,Reservation 1-2,text,true,,2537,689,27,27,https://blazedemo.com/purchase.php,4335,0,0
1666874929719,1356,PurchaseTicket,200,OK,Reservation 1-15,text,true,,2569,689,27,27,https://blazedemo.com/purchase.php,1334,0,0
1666874927616,3459,ReserveFlight,200,OK,Reservation 1-1,text,true,,2300,640,27,27,https://blazedemo.com/reserve.php,3458,0,0
1666874929836,1327,ReserveFlight,200,OK,Reservation 1-18,text,true,,2434,640,27,27,https://blazedemo.com/reserve.php,1301,0,0
1666874929947,1386,ReserveFlight,200,OK,Reservation 1-16,text,true,,2343,640,27,27,https://blazedemo.com/reserve.php,1386,0,0
1666874929947,1386,ReserveFlight,200,OK,Reservation 1-23,text,true,,2489,640,27,27,https://blazedemo.com/reserve.php,1386,0,0
1666874927366,4134,PurchaseTicket,200,OK,Reservation 1-5,text,true,,2469,689,27,27,https://blazedemo.com/purchase.php,4129,0,0
1666874930568,1267,ReserveFlight,200,OK,Reservation 1-28,text,true,,2422,640,27,27,https://blazedemo.com/reserve.php,1263,0,0
1666874930347,1612,ReserveFlight,200,OK,Reservation 1-27,text,true,,2420,640,27,27,https://blazedemo.com/reserve.php,1612,0,0
1666874930807,1189,ReserveFlight,200,OK,Reservation 1-7,text,true,,2475,640,27,27,https://blazedemo.com/reserve.php,1182,0,0
1666874930710,1351,PurchaseTicket,200,OK,Reservation 1-13,text,true,,2627,689,27,27,https://blazedemo.com/purchase.php,1285,0,0
1666874928596,3486,ReserveFlight,200,OK,Reservation 1-17,text,true,,2381,640,26,26,https://blazedemo.com/reserve.php,3471,0,0
1666874929946,2216,PurchaseTicket,200,OK,Reservation 1-19,text,true,,2500,689,26,26,https://blazedemo.com/purchase.php,2215,0,0
1666874930554,1653,PurchaseTicket,200,OK,Reservation 1-22,text,true,,2681,689,25,25,https://blazedemo.com/purchase.php,1607,0,0
1666874931003,1205,ReserveFlight,200,OK,Reservation 1-24,text,true,,2334,640,25,25,https://blazedemo.com/reserve.php,1204,0,0
1666874929046,3181,PurchaseTicket,200,OK,Reservation 1-6,text,true,,2526,689,24,24,https://blazedemo.com/purchase.php,3167,0,0
1666874931076,1217,ReserveFlight,200,OK,Reservation 1-15,text,true,,2388,640,23,23,https://blazedemo.com/reserve.php,1205,0,0
1666874931076,1217,PurchaseTicket,200,OK,Reservation 1-1,text,true,,2486,689,23,23,https://blazedemo.com/purchase.php,1211,0,0
1666874931054,1244,PurchaseTicket,200,OK,Reservation 1-9,text,true,,2491,689,22,22,https://blazedemo.com/purchase.php,1243,0,0
1666874931334,1161,PurchaseTicket,200,OK,Reservation 1-23,text,true,,2471,689,21,21,https://blazedemo.com/purchase.php,1161,0,0
1666874930756,1753,PurchaseTicket,200,OK,Reservation 1-11,text,true,,2578,689,21,21,https://blazedemo.com/purchase.php,1752,0,0
1666874931502,1047,ReserveFlight,200,OK,Reservation 1-5,text,true,,2371,640,20,20,https://blazedemo.com/reserve.php,1046,0,0
1666874930807,1888,PurchaseTicket,200,OK,Reservation 1-3,text,true,,2527,689,20,20,https://blazedemo.com/purchase.php,1888,0,0
1666874931997,750,PurchaseTicket,200,OK,Reservation 1-7,text,true,,2553,689,19,19,https://blazedemo.com/purchase.php,744,0,0
1666874931959,803,PurchaseTicket,200,OK,Reservation 1-27,text,true,,2682,689,18,18,https://blazedemo.com/purchase.php,788,0,0
1666874932083,750,PurchaseTicket,200,OK,Reservation 1-17,text,true,,2541,689,17,17,https://blazedemo.com/purchase.php,664,0,0
1666874929744,3109,PurchaseTicket,200,OK,Reservation 1-30,text,true,,2545,689,16,16,https://blazedemo.com/purchase.php,3103,0,0
1666874930002,2853,PurchaseTicket,200,OK,Reservation 1-29,text,true,,2666,689,16,16,https://blazedemo.com/purchase.php,2853,0,0
1666874932208,652,PurchaseTicket,200,OK,Reservation 1-24,text,true,,2633,689,16,16,https://blazedemo.com/purchase.php,652,0,0
1666874930126,2739,ReserveFlight,200,OK,Reservation 1-26,text,true,,2478,640,16,16,https://blazedemo.com/reserve.php,2734,0,0
1666874932293,584,PurchaseTicket,200,OK,Reservation 1-15,text,true,,2460,689,16,16,https://blazedemo.com/purchase.php,578,0,0
1666874932549,732,PurchaseTicket,200,OK,Reservation 1-5,text,true,,2542,689,15,15,https://blazedemo.com/purchase.php,732,0,0
1666874932861,626,ReserveFlight,200,OK,Reservation 1-24,text,true,,2320,640,14,14,https://blazedemo.com/reserve.php,620,0,0
1666874932855,679,ReserveFlight,200,OK,Reservation 1-29,text,true,,2425,640,14,14,https://blazedemo.com/reserve.php,678,0,0
1666874932865,745,PurchaseTicket,200,OK,Reservation 1-26,text,true,,2468,689,14,14,https://blazedemo.com/purchase.php,742,0,0
1666874932496,1163,ReserveFlight,200,OK,Reservation 1-23,text,true,,2488,640,13,13,https://blazedemo.com/reserve.php,1127,0,0
1666874930807,2852,PurchaseTicket,200,OK,Reservation 1-21,text,true,,2447,689,13,13,https://blazedemo.com/purchase.php,2849,0,0
1666874930861,2919,PurchaseTicket,200,OK,Reservation 1-20,text,true,,2658,689,13,13,https://blazedemo.com/purchase.php,2908,0,0
1666874932854,1172,ReserveFlight,200,OK,Reservation 1-30,text,true,,2427,640,12,12,https://blazedemo.com/reserve.php,1159,0,0
1666874931055,3184,ReserveFlight,200,OK,Reservation 1-2,text,true,,2348,640,12,12,https://blazedemo.com/reserve.php,3184,0,0
1666874933660,671,ReserveFlight,200,OK,Reservation 1-21,text,true,,2439,640,12,12,https://blazedemo.com/reserve.php,592,0,0
1666874933534,846,PurchaseTicket,200,OK,Reservation 1-29,text,true,,2646,689,12,12,https://blazedemo.com/purchase.php,836,0,0
1666874931163,3338,PurchaseTicket,200,OK,Reservation 1-18,text,true,,2582,689,12,12,https://blazedemo.com/purchase.php,3338,0,0
1666874931334,3353,PurchaseTicket,200,OK,Reservation 1-16,text,true,,2576,689,11,11,https://blazedemo.com/purchase.php,3353,0,0
1666874934381,589,ReserveFlight,200,OK,Reservation 1-29,text,true,,2314,640,10,10,https://blazedemo.com/reserve.php,588,0,0
1666874933659,1311,PurchaseTicket,200,OK,Reservation 1-23,text,true,,2658,689,10,10,https://blazedemo.com/purchase.php,1304,0,0
1666874934241,957,PurchaseTicket,200,OK,Reservation 1-2,text,true,,2646,689,9,9,https://blazedemo.com/purchase.php,830,0,0
1666874931836,3371,PurchaseTicket,200,OK,Reservation 1-28,text,true,,2620,689,8,8,https://blazedemo.com/purchase.php,3362,0,0
1666874934332,878,PurchaseTicket,200,OK,Reservation 1-21,text,true,,2613,689,8,8,https://blazedemo.com/purchase.php,878,0,0
1666874930140,5601,ReserveFlight,200,OK,Reservation 1-14,text,true,,2391,640,7,7,https://blazedemo.com/reserve.php,5601,0,0
1666874930019,5918,ReserveFlight,200,OK,Reservation 1-12,text,true,,2312,640,7,7,https://blazedemo.com/reserve.php,5917,0,0
1666874935208,730,ReserveFlight,200,OK,Reservation 1-28,text,true,,2328,640,7,7,https://blazedemo.com/reserve.php,549,0,0
1666874934970,990,PurchaseTicket,200,OK,Reservation 1-29,text,true,,2667,689,7,7,https://blazedemo.com/purchase.php,990,0,0
1666874929689,6713,PurchaseTicket,200,OK,Reservation 1-25,text,true,,2471,689,6,6,https://blazedemo.com/purchase.php,6713,0,0
1666874935767,773,PurchaseTicket,200,OK,Reservation 1-14,text,true,,2573,689,6,6,https://blazedemo.com/purchase.php,773,0,0
1666874935939,775,PurchaseTicket,200,OK,Reservation 1-28,text,true,,2465,689,5,5,https://blazedemo.com/purchase.php,729,0,0
1666874935937,798,PurchaseTicket,200,OK,Reservation 1-12,text,true,,2529,689,4,4,https://blazedemo.com/purchase.php,779,0,0
1666874934027,2811,PurchaseTicket,200,OK,Reservation 1-30,text,true,,2586,689,4,4,https://blazedemo.com/purchase.php,2811,0,0
1666874933487,3758,PurchaseTicket,200,OK,Reservation 1-24,text,true,,2586,689,4,4,https://blazedemo.com/purchase.php,3752,0,0
1666874936403,1001,ReserveFlight,200,OK,Reservation 1-25,text,true,,2346,640,3,3,https://blazedemo.com/reserve.php,982,0,0
1666874936736,734,ReserveFlight,200,OK,Reservation 1-12,text,true,,2410,640,3,3,https://blazedemo.com/reserve.php,734,0,0
1666874937404,602,PurchaseTicket,200,OK,Reservation 1-25,text,true,,2623,689,3,3,https://blazedemo.com/purchase.php,591,0,0
1666874937471,1080,PurchaseTicket,200,OK,Reservation 1-12,text,true,,2638,689,2,2,https://blazedemo.com/purchase.php,1072,0,0
1666874936839,2279,ReserveFlight,200,OK,Reservation 1-30,text,true,,2446,640,1,1,https://blazedemo.com/reserve.php,2266,0,0
1666874939118,1314,PurchaseTicket,200,OK,Reservation 1-30,text,true,,2525,689,1,1,https://blazedemo.com/purchase.php,1286,0,0
1666874940482,1193,ConfirmFlight,200,OK,tearDown Thread Group 1-3,text,true,,2356,827,50,50,https://blazedemo.com/confirmation.php,1193,0,254
1666874941676,1,Debug Sampler,200,OK,tearDown Thread Group 1-3,text,true,,632,0,50,50,null,0,0,0
1666874940482,1279,ConfirmFlight,200,OK,tearDown Thread Group 1-2,text,true,,2450,826,50,50,https://blazedemo.com/confirmation.php,1279,0,437
1666874940519,1242,ConfirmFlight,200,OK,tearDown Thread Group 1-5,text,true,,2476,815,50,50,https://blazedemo.com/confirmation.php,1242,0,418
1666874941764,0,Debug Sampler,200,OK,tearDown Thread Group 1-2,text,true,,634,0,50,50,null,0,0,0
1666874941764,0,Debug Sampler,200,OK,tearDown Thread Group 1-5,text,true,,621,0,50,50,null,0,0,0
1666874940502,1383,ConfirmFlight,200,OK,tearDown Thread Group 1-4,text,true,,2261,823,50,50,https://blazedemo.com/confirmation.php,1382,0,431
1666874941886,0,Debug Sampler,200,OK,tearDown Thread Group 1-4,text,true,,628,0,50,50,null,0,0,0
1666874940561,1456,ConfirmFlight,200,OK,tearDown Thread Group 1-7,text,true,,2369,826,50,50,https://blazedemo.com/confirmation.php,1456,0,458
1666874942018,0,Debug Sampler,200,OK,tearDown Thread Group 1-7,text,true,,634,0,50,50,null,0,0,0
1666874940577,1575,ConfirmFlight,200,OK,tearDown Thread Group 1-8,text,true,,2362,827,50,50,https://blazedemo.com/confirmation.php,1574,0,462
1666874942152,0,Debug Sampler,200,OK,tearDown Thread Group 1-8,text,true,,633,0,50,50,null,0,0,0
1666874940548,1776,ConfirmFlight,200,OK,tearDown Thread Group 1-6,text,true,,2494,810,50,50,https://blazedemo.com/confirmation.php,1769,0,466
1666874942324,0,Debug Sampler,200,OK,tearDown Thread Group 1-6,text,true,,619,0,50,50,null,0,0,0
1666874940598,1811,ConfirmFlight,200,OK,tearDown Thread Group 1-9,text,true,,2320,823,50,50,https://blazedemo.com/confirmation.php,1811,0,491
1666874942410,0,Debug Sampler,200,OK,tearDown Thread Group 1-9,text,true,,628,0,50,50,null,0,0,0
1666874941678,1637,ConfirmFlight,200,OK,tearDown Thread Group 1-3,text,true,,2399,810,50,50,https://blazedemo.com/confirmation.php,1637,0,0
1666874943316,0,Debug Sampler,200,OK,tearDown Thread Group 1-3,text,true,,618,0,50,50,null,0,0,0
1666874940657,2709,ConfirmFlight,200,OK,tearDown Thread Group 1-12,text,true,,2330,826,50,50,https://blazedemo.com/confirmation.php,2709,0,1043
1666874943366,0,Debug Sampler,200,OK,tearDown Thread Group 1-12,text,true,,635,0,50,50,null,0,0,0
1666874940616,2837,ConfirmFlight,200,OK,tearDown Thread Group 1-10,text,true,,2333,815,50,50,https://blazedemo.com/confirmation.php,2837,0,1089
1666874943454,0,Debug Sampler,200,OK,tearDown Thread Group 1-10,text,true,,621,0,50,50,null,0,0,0
1666874941765,2073,ConfirmFlight,200,OK,tearDown Thread Group 1-5,text,true,,2380,826,50,50,https://blazedemo.com/confirmation.php,1966,0,0
1666874943838,0,Debug Sampler,200,OK,tearDown Thread Group 1-5,text,true,,634,0,50,50,null,0,0,0
1666874941765,2109,ConfirmFlight,200,OK,tearDown Thread Group 1-2,text,true,,2361,827,50,50,https://blazedemo.com/confirmation.php,2109,0,0
1666874943875,0,Debug Sampler,200,OK,tearDown Thread Group 1-2,text,true,,633,0,50,50,null,0,0,0
1666874940695,3265,ConfirmFlight,200,OK,tearDown Thread Group 1-14,text,true,,2339,823,50,50,https://blazedemo.com/confirmation.php,3264,0,1169
1666874943960,0,Debug Sampler,200,OK,tearDown Thread Group 1-14,text,true,,629,0,50,50,null,0,0,0
1666874940715,3257,ConfirmFlight,200,OK,tearDown Thread Group 1-15,text,true,,2332,815,50,50,https://blazedemo.com/confirmation.php,3257,0,1166
1666874943973,0,Debug Sampler,200,OK,tearDown Thread Group 1-15,text,true,,622,0,50,50,null,0,0,0
1666874941886,2155,ConfirmFlight,200,OK,tearDown Thread Group 1-4,text,true,,2323,823,50,50,https://blazedemo.com/confirmation.php,2150,0,0
1666874944043,0,Debug Sampler,200,OK,tearDown Thread Group 1-4,text,true,,628,0,50,50,null,0,0,0
1666874942018,2621,ConfirmFlight,200,OK,tearDown Thread Group 1-7,text,true,,2288,815,50,50,https://blazedemo.com/confirmation.php,2504,0,0
1666874944640,0,Debug Sampler,200,OK,tearDown Thread Group 1-7,text,true,,621,0,50,50,null,0,0,0
1666874940482,4353,ConfirmFlight,200,OK,tearDown Thread Group 1-1,text,true,,2380,810,50,50,https://blazedemo.com/confirmation.php,4353,0,416
1666874944836,0,Debug Sampler,200,OK,tearDown Thread Group 1-1,text,true,,619,0,50,50,null,0,0,0
1666874940898,4074,ConfirmFlight,200,OK,tearDown Thread Group 1-24,text,true,,2425,823,50,50,https://blazedemo.com/confirmation.php,4068,0,1407
1666874944973,0,Debug Sampler,200,OK,tearDown Thread Group 1-24,text,true,,629,0,50,50,null,0,0,0
1666874940740,4233,ConfirmFlight,200,OK,tearDown Thread Group 1-16,text,true,,2255,810,50,50,https://blazedemo.com/confirmation.php,4233,0,1274
1666874940639,4334,ConfirmFlight,200,OK,tearDown Thread Group 1-11,text,true,,2451,810,50,50,https://blazedemo.com/confirmation.php,4334,0,1077
1666874944974,0,Debug Sampler,200,OK,tearDown Thread Group 1-11,text,true,,620,0,50,50,null,0,0,0
1666874944974,0,Debug Sampler,200,OK,tearDown Thread Group 1-16,text,true,,620,0,50,50,null,0,0,0
1666874940676,4301,ConfirmFlight,200,OK,tearDown Thread Group 1-13,text,true,,2462,827,50,50,https://blazedemo.com/confirmation.php,2954,0,1077
1666874944977,0,Debug Sampler,200,OK,tearDown Thread Group 1-13,text,true,,634,0,50,50,null,0,0,0
1666874940937,4040,ConfirmFlight,200,OK,tearDown Thread Group 1-26,text,true,,2385,810,50,50,https://blazedemo.com/confirmation.php,4040,0,1790
1666874944978,0,Debug Sampler,200,OK,tearDown Thread Group 1-26,text,true,,620,0,50,50,null,0,0,0
1666874940857,4143,ConfirmFlight,200,OK,tearDown Thread Group 1-22,text,true,,2464,826,50,50,https://blazedemo.com/confirmation.php,4143,0,1181
1666874945000,1,Debug Sampler,200,OK,tearDown Thread Group 1-22,text,true,,635,0,50,50,null,0,0,0
1666874940838,4179,ConfirmFlight,200,OK,tearDown Thread Group 1-21,text,true,,2395,810,50,50,https://blazedemo.com/confirmation.php,4178,0,1329
1666874945017,0,Debug Sampler,200,OK,tearDown Thread Group 1-21,text,true,,620,0,50,50,null,0,0,0
1666874940996,4064,ConfirmFlight,200,OK,tearDown Thread Group 1-29,text,true,,2375,823,50,50,https://blazedemo.com/confirmation.php,4064,0,2129
1666874945060,0,Debug Sampler,200,OK,tearDown Thread Group 1-29,text,true,,629,0,50,50,null,0,0,0
1666874940976,4098,ConfirmFlight,200,OK,tearDown Thread Group 1-28,text,true,,2333,827,50,50,https://blazedemo.com/confirmation.php,4092,0,2082
1666874945074,0,Debug Sampler,200,OK,tearDown Thread Group 1-28,text,true,,634,0,50,50,null,0,0,0
1666874942325,2885,ConfirmFlight,200,OK,tearDown Thread Group 1-6,text,true,,2407,826,50,50,https://blazedemo.com/confirmation.php,2884,0,0
1666874943317,1893,ConfirmFlight,200,OK,tearDown Thread Group 1-3,text,true,,2395,823,50,50,https://blazedemo.com/confirmation.php,1892,0,0
1666874945210,0,Debug Sampler,200,OK,tearDown Thread Group 1-6,text,true,,634,0,50,50,null,0,0,0
1666874945210,0,Debug Sampler,200,OK,tearDown Thread Group 1-3,text,true,,627,0,50,50,null,0,0,0
1666874942411,2811,ConfirmFlight,200,OK,tearDown Thread Group 1-9,text,true,,2475,827,49,49,https://blazedemo.com/confirmation.php,2811,0,0
1666874945222,0,Debug Sampler,200,OK,tearDown Thread Group 1-9,text,true,,633,0,49,49,null,0,0,0
1666874941038,4509,ConfirmFlight,200,OK,tearDown Thread Group 1-31,text,true,,2499,810,49,49,https://blazedemo.com/confirmation.php,4508,0,2304
1666874945547,0,Debug Sampler,200,OK,tearDown Thread Group 1-31,text,true,,620,0,49,49,null,0,0,0
1666874943457,2102,ConfirmFlight,200,OK,tearDown Thread Group 1-10,text,true,,2310,810,49,49,https://blazedemo.com/confirmation.php,2102,0,0
1666874945559,0,Debug Sampler,200,OK,tearDown Thread Group 1-10,text,true,,619,0,49,49,null,0,0,0
1666874941056,4570,ConfirmFlight,200,OK,tearDown Thread Group 1-32,text,true,,2413,826,49,49,https://blazedemo.com/confirmation.php,4570,0,2654
1666874945627,0,Debug Sampler,200,OK,tearDown Thread Group 1-32,text,true,,635,0,49,49,null,0,0,0
1666874941177,4501,ConfirmFlight,200,OK,tearDown Thread Group 1-38,text,true,,2303,827,49,49,https://blazedemo.com/confirmation.php,4495,0,2541
1666874945678,1,Debug Sampler,200,OK,tearDown Thread Group 1-38,text,true,,634,0,49,49,null,0,0,0
1666874941076,4604,ConfirmFlight,200,OK,tearDown Thread Group 1-33,text,true,,2283,827,49,49,https://blazedemo.com/confirmation.php,4604,0,2638
1666874945680,0,Debug Sampler,200,OK,tearDown Thread Group 1-33,text,true,,633,0,49,49,null,0,0,0
1666874943840,2015,ConfirmFlight,200,OK,tearDown Thread Group 1-5,text,true,,2370,826,49,49,https://blazedemo.com/confirmation.php,2011,0,0
1666874945856,0,Debug Sampler,200,OK,tearDown Thread Group 1-5,text,true,,634,0,49,49,null,0,0,0
1666874941157,4712,ConfirmFlight,200,OK,tearDown Thread Group 1-37,text,true,,2278,826,48,48,https://blazedemo.com/confirmation.php,4712,0,2574
1666874945869,0,Debug Sampler,200,OK,tearDown Thread Group 1-37,text,true,,635,0,48,48,null,0,0,0
1666874941198,4795,ConfirmFlight,200,OK,tearDown Thread Group 1-39,text,true,,2352,823,48,48,https://blazedemo.com/confirmation.php,4794,0,2654
1666874945993,0,Debug Sampler,200,OK,tearDown Thread Group 1-39,text,true,,629,0,48,48,null,0,0,0
1666874941095,4912,ConfirmFlight,200,OK,tearDown Thread Group 1-34,text,true,,2301,823,48,48,https://blazedemo.com/confirmation.php,4912,0,2746
1666874946007,0,Debug Sampler,200,OK,tearDown Thread Group 1-34,text,true,,629,0,48,48,null,0,0,0
1666874943961,2056,ConfirmFlight,200,OK,tearDown Thread Group 1-14,text,true,,2382,823,48,48,https://blazedemo.com/confirmation.php,2051,0,0
1666874946018,0,Debug Sampler,200,OK,tearDown Thread Group 1-14,text,true,,629,0,48,48,null,0,0,0
1666874941296,4858,ConfirmFlight,200,OK,tearDown Thread Group 1-44,text,true,,2328,823,48,48,https://blazedemo.com/confirmation.php,4853,0,2983
1666874946154,0,Debug Sampler,200,OK,tearDown Thread Group 1-44,text,true,,629,0,48,48,null,0,0,0
1666874940777,5484,ConfirmFlight,200,OK,tearDown Thread Group 1-18,text,true,,2491,827,48,48,https://blazedemo.com/confirmation.php,5483,0,1380
1666874946261,0,Debug Sampler,200,OK,tearDown Thread Group 1-18,text,true,,634,0,48,48,null,0,0,0
1666874940955,5311,ConfirmFlight,200,OK,tearDown Thread Group 1-27,text,true,,2326,826,48,48,https://blazedemo.com/confirmation.php,5311,0,1973
1666874946267,0,Debug Sampler,200,OK,tearDown Thread Group 1-27,text,true,,634,0,48,48,null,0,0,0
1666874943973,2590,ConfirmFlight,200,OK,tearDown Thread Group 1-15,text,true,,2276,815,48,48,https://blazedemo.com/confirmation.php,2589,0,0
1666874946563,0,Debug Sampler,200,OK,tearDown Thread Group 1-15,text,true,,622,0,48,48,null,0,0,0
1666874941317,5294,ConfirmFlight,200,OK,tearDown Thread Group 1-45,text,true,,2338,815,48,48,https://blazedemo.com/confirmation.php,5293,0,3498
1666874946611,0,Debug Sampler,200,OK,tearDown Thread Group 1-45,text,true,,621,0,48,48,null,0,0,0
1666874944974,1700,ConfirmFlight,200,OK,tearDown Thread Group 1-24,text,true,,2455,823,48,48,https://blazedemo.com/confirmation.php,1699,0,0
1666874946674,0,Debug Sampler,200,OK,tearDown Thread Group 1-24,text,true,,629,0,48,48,null,0,0,0
1666874944977,1845,ConfirmFlight,200,OK,tearDown Thread Group 1-11,text,true,,2273,815,48,48,https://blazedemo.com/confirmation.php,1840,0,0
1666874946823,0,Debug Sampler,200,OK,tearDown Thread Group 1-11,text,true,,622,0,48,48,null,0,0,0
1666874944977,1864,ConfirmFlight,200,OK,tearDown Thread Group 1-16,text,true,,2442,810,48,48,https://blazedemo.com/confirmation.php,1853,0,0
1666874946842,0,Debug Sampler,200,OK,tearDown Thread Group 1-16,text,true,,620,0,48,48,null,0,0,0
1666874945001,1931,ConfirmFlight,200,OK,tearDown Thread Group 1-22,text,true,,2277,823,48,48,https://blazedemo.com/confirmation.php,1926,0,0
1666874946932,1,Debug Sampler,200,OK,tearDown Thread Group 1-22,text,true,,629,0,48,48,null,0,0,0
1666874941376,5581,ConfirmFlight,200,OK,tearDown Thread Group 1-48,text,true,,2313,827,48,48,https://blazedemo.com/confirmation.php,5575,0,3630
1666874946957,1,Debug Sampler,200,OK,tearDown Thread Group 1-48,text,true,,634,0,48,48,null,0,0,0
1666874941340,5683,ConfirmFlight,200,OK,tearDown Thread Group 1-46,text,true,,2273,810,48,48,https://blazedemo.com/confirmation.php,5640,0,3662
1666874947024,0,Debug Sampler,200,OK,tearDown Thread Group 1-46,text,true,,620,0,48,48,null,0,0,0
1666874941415,5622,ConfirmFlight,200,OK,tearDown Thread Group 1-50,text,true,,2422,815,48,48,https://blazedemo.com/confirmation.php,5621,0,3596
1666874947037,0,Debug Sampler,200,OK,tearDown Thread Group 1-50,text,true,,621,0,48,48,null,0,0,0
1666874945017,2049,ConfirmFlight,200,OK,tearDown Thread Group 1-21,text,true,,2454,815,48,48,https://blazedemo.com/confirmation.php,2049,0,0
1666874947067,0,Debug Sampler,200,OK,tearDown Thread Group 1-21,text,true,,622,0,48,48,null,0,0,0
1666874940758,6657,ConfirmFlight,200,OK,tearDown Thread Group 1-17,text,true,,2465,826,48,48,https://blazedemo.com/confirmation.php,6626,0,1268
1666874947416,0,Debug Sampler,200,OK,tearDown Thread Group 1-17,text,true,,635,0,48,48,null,0,0,0
1666874941237,6197,ConfirmFlight,200,OK,tearDown Thread Group 1-41,text,true,,2394,810,48,48,https://blazedemo.com/confirmation.php,6196,0,4059
1666874947434,0,Debug Sampler,200,OK,tearDown Thread Group 1-41,text,true,,620,0,48,48,null,0,0,0
1666874940877,6568,ConfirmFlight,200,OK,tearDown Thread Group 1-23,text,true,,2306,827,48,48,https://blazedemo.com/confirmation.php,6568,0,1299
1666874947446,0,Debug Sampler,200,OK,tearDown Thread Group 1-23,text,true,,634,0,48,48,null,0,0,0
1666874945548,2020,ConfirmFlight,200,OK,tearDown Thread Group 1-31,text,true,,2474,815,48,48,https://blazedemo.com/confirmation.php,1999,0,0
1666874947568,0,Debug Sampler,200,OK,tearDown Thread Group 1-31,text,true,,622,0,48,48,null,0,0,0
1666874945561,2084,ConfirmFlight,200,OK,tearDown Thread Group 1-10,text,true,,2424,810,48,48,https://blazedemo.com/confirmation.php,2083,0,0
1666874947645,0,Debug Sampler,200,OK,tearDown Thread Group 1-10,text,true,,619,0,48,48,null,0,0,0
1666874941017,6677,ConfirmFlight,200,OK,tearDown Thread Group 1-30,text,true,,2419,815,47,47,https://blazedemo.com/confirmation.php,6677,0,2122
1666874947694,0,Debug Sampler,200,OK,tearDown Thread Group 1-30,text,true,,622,0,47,47,null,0,0,0
1666874943367,4527,ConfirmFlight,200,OK,tearDown Thread Group 1-12,text,true,,2278,815,47,47,https://blazedemo.com/confirmation.php,4526,0,0
1666874947894,0,Debug Sampler,200,OK,tearDown Thread Group 1-12,text,true,,622,0,47,47,null,0,0,0
1666874945628,2266,ConfirmFlight,200,OK,tearDown Thread Group 1-32,text,true,,2457,826,47,47,https://blazedemo.com/confirmation.php,2266,0,0
1666874947894,1,Debug Sampler,200,OK,tearDown Thread Group 1-32,text,true,,635,0,47,47,null,0,0,0
1666874945680,2229,ConfirmFlight,200,OK,tearDown Thread Group 1-33,text,true,,2447,823,47,47,https://blazedemo.com/confirmation.php,2219,0,0
1666874947909,0,Debug Sampler,200,OK,tearDown Thread Group 1-33,text,true,,628,0,47,47,null,0,0,0
1666874944836,3140,ConfirmFlight,200,OK,tearDown Thread Group 1-1,text,true,,2411,827,47,47,https://blazedemo.com/confirmation.php,3135,0,0
1666874947976,1,Debug Sampler,200,OK,tearDown Thread Group 1-1,text,true,,633,0,47,47,null,0,0,0
1666874944046,3981,ConfirmFlight,200,OK,tearDown Thread Group 1-4,text,true,,2266,810,47,47,https://blazedemo.com/confirmation.php,3980,0,0
1666874948027,0,Debug Sampler,200,OK,tearDown Thread Group 1-4,text,true,,619,0,47,47,null,0,0,0
1666874946001,2038,ConfirmFlight,200,OK,tearDown Thread Group 1-39,text,true,,2467,810,46,46,https://blazedemo.com/confirmation.php,2037,0,0
1666874948039,0,Debug Sampler,200,OK,tearDown Thread Group 1-39,text,true,,620,0,46,46,null,0,0,0
1666874942153,5899,ConfirmFlight,200,OK,tearDown Thread Group 1-8,text,true,,2292,810,46,46,https://blazedemo.com/confirmation.php,5894,0,0
1666874948053,0,Debug Sampler,200,OK,tearDown Thread Group 1-8,text,true,,619,0,46,46,null,0,0,0
1666874946270,1794,ConfirmFlight,200,OK,tearDown Thread Group 1-27,text,true,,2275,810,46,46,https://blazedemo.com/confirmation.php,1794,0,0
1666874948065,0,Debug Sampler,200,OK,tearDown Thread Group 1-27,text,true,,619,0,46,46,null,0,0,0
1666874946262,1890,ConfirmFlight,200,OK,tearDown Thread Group 1-18,text,true,,2501,815,46,46,https://blazedemo.com/confirmation.php,1808,0,0
1666874948154,0,Debug Sampler,200,OK,tearDown Thread Group 1-18,text,true,,622,0,46,46,null,0,0,0
1666874946155,1998,ConfirmFlight,200,OK,tearDown Thread Group 1-44,text,true,,2365,823,46,46,https://blazedemo.com/confirmation.php,1998,0,0
1666874946018,2135,ConfirmFlight,200,OK,tearDown Thread Group 1-14,text,true,,2386,827,46,46,https://blazedemo.com/confirmation.php,2135,0,0
1666874948154,0,Debug Sampler,200,OK,tearDown Thread Group 1-44,text,true,,629,0,46,46,null,0,0,0
1666874948154,0,Debug Sampler,200,OK,tearDown Thread Group 1-14,text,true,,634,0,46,46,null,0,0,0
1666874941218,6987,ConfirmFlight,200,OK,tearDown Thread Group 1-40,text,true,,2299,815,45,45,https://blazedemo.com/confirmation.php,6987,0,3960
1666874948207,0,Debug Sampler,200,OK,tearDown Thread Group 1-40,text,true,,622,0,45,45,null,0,0,0
1666874945062,3150,ConfirmFlight,200,OK,tearDown Thread Group 1-29,text,true,,2368,810,45,45,https://blazedemo.com/confirmation.php,3150,0,0
1666874948214,0,Debug Sampler,200,OK,tearDown Thread Group 1-29,text,true,,620,0,45,45,null,0,0,0
1666874946612,1613,ConfirmFlight,200,OK,tearDown Thread Group 1-45,text,true,,2267,827,45,45,https://blazedemo.com/confirmation.php,1610,0,0
1666874948227,0,Debug Sampler,200,OK,tearDown Thread Group 1-45,text,true,,633,0,45,45,null,0,0,0
1666874946564,1699,ConfirmFlight,200,OK,tearDown Thread Group 1-15,text,true,,2425,826,45,45,https://blazedemo.com/confirmation.php,1661,0,0
1666874948265,0,Debug Sampler,200,OK,tearDown Thread Group 1-15,text,true,,635,0,45,45,null,0,0,0
1666874944978,3290,ConfirmFlight,200,OK,tearDown Thread Group 1-13,text,true,,2415,826,44,44,https://blazedemo.com/confirmation.php,3286,0,0
1666874948269,0,Debug Sampler,200,OK,tearDown Thread Group 1-13,text,true,,635,0,44,44,null,0,0,0
1666874946674,1599,ConfirmFlight,200,OK,tearDown Thread Group 1-24,text,true,,2448,823,44,44,https://blazedemo.com/confirmation.php,1594,0,0
1666874948274,0,Debug Sampler,200,OK,tearDown Thread Group 1-24,text,true,,629,0,44,44,null,0,0,0
1666874946846,1534,ConfirmFlight,200,OK,tearDown Thread Group 1-16,text,true,,2258,810,43,43,https://blazedemo.com/confirmation.php,1532,0,0
1666874946935,1445,ConfirmFlight,200,OK,tearDown Thread Group 1-22,text,true,,2411,826,43,43,https://blazedemo.com/confirmation.php,1409,0,0
1666874948382,0,Debug Sampler,200,OK,tearDown Thread Group 1-16,text,true,,620,0,43,43,null,0,0,0
1666874948382,0,Debug Sampler,200,OK,tearDown Thread Group 1-22,text,true,,635,0,43,43,null,0,0,0
1666874944979,3415,ConfirmFlight,200,OK,tearDown Thread Group 1-26,text,true,,2300,827,41,41,https://blazedemo.com/confirmation.php,3403,0,0
1666874948395,0,Debug Sampler,200,OK,tearDown Thread Group 1-26,text,true,,634,0,41,41,null,0,0,0
1666874946959,1440,ConfirmFlight,200,OK,tearDown Thread Group 1-48,text,true,,2415,827,41,41,https://blazedemo.com/confirmation.php,1435,0,0
1666874948400,0,Debug Sampler,200,OK,tearDown Thread Group 1-48,text,true,,634,0,41,41,null,0,0,0
1666874940818,7587,ConfirmFlight,200,OK,tearDown Thread Group 1-20,text,true,,2478,815,41,41,https://blazedemo.com/confirmation.php,7587,0,1336
1666874947024,1381,ConfirmFlight,200,OK,tearDown Thread Group 1-46,text,true,,2344,823,41,41,https://blazedemo.com/confirmation.php,1381,0,0
1666874948406,0,Debug Sampler,200,OK,tearDown Thread Group 1-20,text,true,,622,0,41,41,null,0,0,0
1666874948406,0,Debug Sampler,200,OK,tearDown Thread Group 1-46,text,true,,629,0,41,41,null,0,0,0
1666874947038,1466,ConfirmFlight,200,OK,tearDown Thread Group 1-50,text,true,,2387,815,41,41,https://blazedemo.com/confirmation.php,1466,0,0
1666874948506,0,Debug Sampler,200,OK,tearDown Thread Group 1-50,text,true,,621,0,41,41,null,0,0,0
1666874947073,1455,ConfirmFlight,200,OK,tearDown Thread Group 1-21,text,true,,2326,810,41,41,https://blazedemo.com/confirmation.php,1449,0,0
1666874948529,0,Debug Sampler,200,OK,tearDown Thread Group 1-21,text,true,,620,0,41,41,null,0,0,0
1666874940797,7801,ConfirmFlight,200,OK,tearDown Thread Group 1-19,text,true,,2372,823,40,40,https://blazedemo.com/confirmation.php,7788,0,1354
1666874948599,0,Debug Sampler,200,OK,tearDown Thread Group 1-19,text,true,,629,0,40,40,null,0,0,0
1666874947417,1228,ConfirmFlight,200,OK,tearDown Thread Group 1-17,text,true,,2439,826,40,40,https://blazedemo.com/confirmation.php,1227,0,0
1666874948647,0,Debug Sampler,200,OK,tearDown Thread Group 1-17,text,true,,635,0,40,40,null,0,0,0
1666874947435,1215,ConfirmFlight,200,OK,tearDown Thread Group 1-41,text,true,,2451,827,40,40,https://blazedemo.com/confirmation.php,1214,0,0
1666874948651,0,Debug Sampler,200,OK,tearDown Thread Group 1-41,text,true,,634,0,40,40,null,0,0,0
1666874947446,1266,ConfirmFlight,200,OK,tearDown Thread Group 1-23,text,true,,2292,823,40,40,https://blazedemo.com/confirmation.php,1266,0,0
1666874948714,0,Debug Sampler,200,OK,tearDown Thread Group 1-23,text,true,,629,0,40,40,null,0,0,0
1666874943875,4976,ConfirmFlight,200,OK,tearDown Thread Group 1-2,text,true,,2500,827,40,40,https://blazedemo.com/confirmation.php,4941,0,0
1666874948853,0,Debug Sampler,200,OK,tearDown Thread Group 1-2,text,true,,633,0,40,40,null,0,0,0
1666874945679,3237,ConfirmFlight,200,OK,tearDown Thread Group 1-38,text,true,,2445,827,39,39,https://blazedemo.com/confirmation.php,3216,0,0
1666874948917,0,Debug Sampler,200,OK,tearDown Thread Group 1-38,text,true,,634,0,39,39,null,0,0,0
1666874941256,7664,ConfirmFlight,200,OK,tearDown Thread Group 1-42,text,true,,2252,826,39,39,https://blazedemo.com/confirmation.php,7663,0,3062
1666874948921,0,Debug Sampler,200,OK,tearDown Thread Group 1-42,text,true,,635,0,39,39,null,0,0,0
1666874945222,3737,ConfirmFlight,200,OK,tearDown Thread Group 1-9,text,true,,2424,823,39,39,https://blazedemo.com/confirmation.php,3729,0,0
1666874948961,0,Debug Sampler,200,OK,tearDown Thread Group 1-9,text,true,,628,0,39,39,null,0,0,0
1666874947569,1404,ConfirmFlight,200,OK,tearDown Thread Group 1-31,text,true,,2489,815,38,38,https://blazedemo.com/confirmation.php,1379,0,0
1666874948975,0,Debug Sampler,200,OK,tearDown Thread Group 1-31,text,true,,622,0,38,38,null,0,0,0
1666874944641,4342,ConfirmFlight,200,OK,tearDown Thread Group 1-7,text,true,,2463,826,37,37,https://blazedemo.com/confirmation.php,3517,0,0
1666874945869,3114,ConfirmFlight,200,OK,tearDown Thread Group 1-37,text,true,,2270,815,37,37,https://blazedemo.com/confirmation.php,3114,0,0
1666874948984,0,Debug Sampler,200,OK,tearDown Thread Group 1-7,text,true,,634,0,37,37,null,0,0,0
1666874948984,1,Debug Sampler,200,OK,tearDown Thread Group 1-37,text,true,,622,0,37,37,null,0,0,0
1666874947696,1387,ConfirmFlight,200,OK,tearDown Thread Group 1-30,text,true,,2323,810,36,36,https://blazedemo.com/confirmation.php,1387,0,0
1666874949085,0,Debug Sampler,200,OK,tearDown Thread Group 1-30,text,true,,620,0,36,36,null,0,0,0
1666874946823,2426,ConfirmFlight,200,OK,tearDown Thread Group 1-11,text,true,,2419,815,36,36,https://blazedemo.com/confirmation.php,2423,0,0
1666874949251,0,Debug Sampler,200,OK,tearDown Thread Group 1-11,text,true,,622,0,36,36,null,0,0,0
1666874941275,7977,ConfirmFlight,200,OK,tearDown Thread Group 1-43,text,true,,2250,827,35,35,https://blazedemo.com/confirmation.php,7975,0,3719
1666874949253,0,Debug Sampler,200,OK,tearDown Thread Group 1-43,text,true,,633,0,35,35,null,0,0,0
1666874947895,1368,ConfirmFlight,200,OK,tearDown Thread Group 1-12,text,true,,2409,826,35,35,https://blazedemo.com/confirmation.php,1368,0,0
1666874949267,0,Debug Sampler,200,OK,tearDown Thread Group 1-12,text,true,,635,0,35,35,null,0,0,0
1666874948042,1491,ConfirmFlight,200,OK,tearDown Thread Group 1-39,text,true,,2474,810,34,34,https://blazedemo.com/confirmation.php,1490,0,0
1666874949534,0,Debug Sampler,200,OK,tearDown Thread Group 1-39,text,true,,620,0,34,34,null,0,0,0
1666874948054,1554,ConfirmFlight,200,OK,tearDown Thread Group 1-8,text,true,,2326,826,33,33,https://blazedemo.com/confirmation.php,1544,0,0
1666874949610,0,Debug Sampler,200,OK,tearDown Thread Group 1-8,text,true,,634,0,33,33,null,0,0,0
1666874948065,1726,ConfirmFlight,200,OK,tearDown Thread Group 1-27,text,true,,2355,827,32,32,https://blazedemo.com/confirmation.php,1725,0,0
1666874949792,1,Debug Sampler,200,OK,tearDown Thread Group 1-27,text,true,,633,0,32,32,null,0,0,0
1666874948155,1757,ConfirmFlight,200,OK,tearDown Thread Group 1-18,text,true,,2370,823,31,31,https://blazedemo.com/confirmation.php,1753,0,0
1666874949912,0,Debug Sampler,200,OK,tearDown Thread Group 1-18,text,true,,629,0,31,31,null,0,0,0
1666874947977,1947,ConfirmFlight,200,OK,tearDown Thread Group 1-1,text,true,,2412,815,30,30,https://blazedemo.com/confirmation.php,1944,0,0
1666874949925,0,Debug Sampler,200,OK,tearDown Thread Group 1-1,text,true,,621,0,30,30,null,0,0,0
1666874948269,1943,ConfirmFlight,200,OK,tearDown Thread Group 1-13,text,true,,2463,823,29,29,https://blazedemo.com/confirmation.php,1888,0,0
1666874950213,0,Debug Sampler,200,OK,tearDown Thread Group 1-13,text,true,,629,0,29,29,null,0,0,0
1666874940917,9396,ConfirmFlight,200,OK,tearDown Thread Group 1-25,text,true,,2349,815,28,28,https://blazedemo.com/confirmation.php,9395,0,1588
1666874950314,0,Debug Sampler,200,OK,tearDown Thread Group 1-25,text,true,,622,0,28,28,null,0,0,0
1666874948155,2164,ConfirmFlight,200,OK,tearDown Thread Group 1-44,text,true,,2480,815,28,28,https://blazedemo.com/confirmation.php,2164,0,0
1666874950319,1,Debug Sampler,200,OK,tearDown Thread Group 1-44,text,true,,622,0,28,28,null,0,0,0
1666874946008,4337,ConfirmFlight,200,OK,tearDown Thread Group 1-34,text,true,,2363,826,27,27,https://blazedemo.com/confirmation.php,4317,0,0
1666874950347,0,Debug Sampler,200,OK,tearDown Thread Group 1-34,text,true,,635,0,27,27,null,0,0,0
1666874948402,2125,ConfirmFlight,200,OK,tearDown Thread Group 1-48,text,true,,2413,810,27,27,https://blazedemo.com/confirmation.php,2125,0,0
1666874950528,0,Debug Sampler,200,OK,tearDown Thread Group 1-48,text,true,,620,0,27,27,null,0,0,0
1666874948506,2083,ConfirmFlight,200,OK,tearDown Thread Group 1-50,text,true,,2429,823,26,26,https://blazedemo.com/confirmation.php,2071,0,0
1666874941357,9231,ConfirmFlight,200,OK,tearDown Thread Group 1-47,text,true,,2366,826,26,26,https://blazedemo.com/confirmation.php,9220,0,3673
1666874950589,0,Debug Sampler,200,OK,tearDown Thread Group 1-50,text,true,,628,0,26,26,null,0,0,0
1666874950590,0,Debug Sampler,200,OK,tearDown Thread Group 1-47,text,true,,635,0,26,26,null,0,0,0
1666874945075,5602,ConfirmFlight,200,OK,tearDown Thread Group 1-28,text,true,,2270,826,25,25,https://blazedemo.com/confirmation.php,5597,0,0
1666874950679,0,Debug Sampler,200,OK,tearDown Thread Group 1-28,text,true,,635,0,25,25,null,0,0,0
1666874948600,2119,ConfirmFlight,200,OK,tearDown Thread Group 1-19,text,true,,2369,815,25,25,https://blazedemo.com/confirmation.php,2079,0,0
1666874950719,0,Debug Sampler,200,OK,tearDown Thread Group 1-19,text,true,,622,0,25,25,null,0,0,0
1666874948650,2069,ConfirmFlight,200,OK,tearDown Thread Group 1-17,text,true,,2292,810,25,25,https://blazedemo.com/confirmation.php,2069,0,0
1666874950720,0,Debug Sampler,200,OK,tearDown Thread Group 1-17,text,true,,620,0,25,25,null,0,0,0
1666874948652,2098,ConfirmFlight,200,OK,tearDown Thread Group 1-41,text,true,,2504,826,24,24,https://blazedemo.com/confirmation.php,2097,0,0
1666874950750,0,Debug Sampler,200,OK,tearDown Thread Group 1-41,text,true,,635,0,24,24,null,0,0,0
1666874948987,1870,ConfirmFlight,200,OK,tearDown Thread Group 1-37,text,true,,2476,810,23,23,https://blazedemo.com/confirmation.php,1870,0,0
1666874948921,1936,ConfirmFlight,200,OK,tearDown Thread Group 1-42,text,true,,2409,815,23,23,https://blazedemo.com/confirmation.php,1936,0,0
1666874950858,0,Debug Sampler,200,OK,tearDown Thread Group 1-37,text,true,,620,0,23,23,null,0,0,0
1666874950858,0,Debug Sampler,200,OK,tearDown Thread Group 1-42,text,true,,622,0,23,23,null,0,0,0
1666874949086,1797,ConfirmFlight,200,OK,tearDown Thread Group 1-30,text,true,,2461,826,22,22,https://blazedemo.com/confirmation.php,1797,0,0
1666874950883,1,Debug Sampler,200,OK,tearDown Thread Group 1-30,text,true,,635,0,22,22,null,0,0,0
1666874945211,5685,ConfirmFlight,200,OK,tearDown Thread Group 1-6,text,true,,2337,827,21,21,https://blazedemo.com/confirmation.php,5671,0,0
1666874950898,0,Debug Sampler,200,OK,tearDown Thread Group 1-6,text,true,,633,0,21,21,null,0,0,0
1666874948407,2651,ConfirmFlight,200,OK,tearDown Thread Group 1-46,text,true,,2276,827,20,20,https://blazedemo.com/confirmation.php,2638,0,0
1666874951058,1,Debug Sampler,200,OK,tearDown Thread Group 1-46,text,true,,634,0,20,20,null,0,0,0
1666874950314,1036,ConfirmFlight,200,OK,tearDown Thread Group 1-25,text,true,,2268,823,19,19,https://blazedemo.com/confirmation.php,1032,0,0
1666874951351,0,Debug Sampler,200,OK,tearDown Thread Group 1-25,text,true,,629,0,19,19,null,0,0,0
1666874941116,10246,ConfirmFlight,200,OK,tearDown Thread Group 1-35,text,true,,2320,815,19,19,https://blazedemo.com/confirmation.php,10246,0,2759
1666874951364,0,Debug Sampler,200,OK,tearDown Thread Group 1-35,text,true,,622,0,19,19,null,0,0,0
1666874949254,2121,ConfirmFlight,200,OK,tearDown Thread Group 1-43,text,true,,2502,827,19,19,https://blazedemo.com/confirmation.php,2121,0,0
1666874951375,0,Debug Sampler,200,OK,tearDown Thread Group 1-43,text,true,,633,0,19,19,null,0,0,0
1666874950593,783,ConfirmFlight,200,OK,tearDown Thread Group 1-47,text,true,,2336,810,19,19,https://blazedemo.com/confirmation.php,783,0,0
1666874951377,0,Debug Sampler,200,OK,tearDown Thread Group 1-47,text,true,,620,0,19,19,null,0,0,0
1666874950720,661,ConfirmFlight,200,OK,tearDown Thread Group 1-19,text,true,,2312,827,19,19,https://blazedemo.com/confirmation.php,661,0,0
1666874951381,0,Debug Sampler,200,OK,tearDown Thread Group 1-19,text,true,,634,0,19,19,null,0,0,0
1666874947895,3499,ConfirmFlight,200,OK,tearDown Thread Group 1-32,text,true,,2500,827,18,18,https://blazedemo.com/confirmation.php,3494,0,0
1666874951395,0,Debug Sampler,200,OK,tearDown Thread Group 1-32,text,true,,634,0,18,18,null,0,0,0
1666874947910,3502,ConfirmFlight,200,OK,tearDown Thread Group 1-33,text,true,,2433,823,17,17,https://blazedemo.com/confirmation.php,3495,0,0
1666874948214,3199,ConfirmFlight,200,OK,tearDown Thread Group 1-29,text,true,,2458,826,17,17,https://blazedemo.com/confirmation.php,3192,0,0
1666874951413,0,Debug Sampler,200,OK,tearDown Thread Group 1-33,text,true,,628,0,17,17,null,0,0,0
1666874951413,0,Debug Sampler,200,OK,tearDown Thread Group 1-29,text,true,,635,0,17,17,null,0,0,0
1666874941137,10288,ConfirmFlight,200,OK,tearDown Thread Group 1-36,text,true,,2484,810,15,15,https://blazedemo.com/confirmation.php,10283,0,2720
1666874950858,569,ConfirmFlight,200,OK,tearDown Thread Group 1-42,text,true,,2278,823,15,15,https://blazedemo.com/confirmation.php,568,0,0
1666874951427,0,Debug Sampler,200,OK,tearDown Thread Group 1-36,text,true,,619,0,15,15,null,0,0,0
1666874951427,0,Debug Sampler,200,OK,tearDown Thread Group 1-42,text,true,,629,0,15,15,null,0,0,0
1666874948407,3138,ConfirmFlight,200,OK,tearDown Thread Group 1-20,text,true,,2369,826,14,14,https://blazedemo.com/confirmation.php,3138,0,0
1666874951545,0,Debug Sampler,200,OK,tearDown Thread Group 1-20,text,true,,635,0,14,14,null,0,0,0
1666874948210,3357,ConfirmFlight,200,OK,tearDown Thread Group 1-40,text,true,,2413,810,14,14,https://blazedemo.com/confirmation.php,3351,0,0
1666874951568,0,Debug Sampler,200,OK,tearDown Thread Group 1-40,text,true,,620,0,14,14,null,0,0,0
1666874948227,3466,ConfirmFlight,200,OK,tearDown Thread Group 1-45,text,true,,2465,827,14,14,https://blazedemo.com/confirmation.php,3466,0,0
1666874951694,0,Debug Sampler,200,OK,tearDown Thread Group 1-45,text,true,,633,0,14,14,null,0,0,0
1666874948714,2991,ConfirmFlight,200,OK,tearDown Thread Group 1-23,text,true,,2416,827,13,13,https://blazedemo.com/confirmation.php,2985,0,0
1666874951705,0,Debug Sampler,200,OK,tearDown Thread Group 1-23,text,true,,634,0,13,13,null,0,0,0
1666874948918,2811,ConfirmFlight,200,OK,tearDown Thread Group 1-38,text,true,,2459,823,12,12,https://blazedemo.com/confirmation.php,2805,0,0
1666874951729,0,Debug Sampler,200,OK,tearDown Thread Group 1-38,text,true,,629,0,12,12,null,0,0,0
1666874941395,10402,ConfirmFlight,200,OK,tearDown Thread Group 1-49,text,true,,2270,823,11,11,https://blazedemo.com/confirmation.php,10355,0,3628
1666874951799,0,Debug Sampler,200,OK,tearDown Thread Group 1-49,text,true,,629,0,11,11,null,0,0,0
1666874948396,3421,ConfirmFlight,200,OK,tearDown Thread Group 1-26,text,true,,2437,815,11,11,https://blazedemo.com/confirmation.php,3411,0,0
1666874951817,0,Debug Sampler,200,OK,tearDown Thread Group 1-26,text,true,,622,0,11,11,null,0,0,0
1666874951351,559,ConfirmFlight,200,OK,tearDown Thread Group 1-25,text,true,,2376,815,10,10,https://blazedemo.com/confirmation.php,520,0,0
1666874951911,0,Debug Sampler,200,OK,tearDown Thread Group 1-25,text,true,,622,0,10,10,null,0,0,0
1666874951377,622,ConfirmFlight,200,OK,tearDown Thread Group 1-47,text,true,,2480,827,9,9,https://blazedemo.com/confirmation.php,617,0,0
1666874952000,0,Debug Sampler,200,OK,tearDown Thread Group 1-47,text,true,,634,0,9,9,null,0,0,0
1666874951427,622,ConfirmFlight,200,OK,tearDown Thread Group 1-36,text,true,,2349,823,8,8,https://blazedemo.com/confirmation.php,622,0,0
1666874952050,0,Debug Sampler,200,OK,tearDown Thread Group 1-36,text,true,,628,0,8,8,null,0,0,0
1666874951546,625,ConfirmFlight,200,OK,tearDown Thread Group 1-20,text,true,,2456,815,8,8,https://blazedemo.com/confirmation.php,553,0,0
1666874952171,0,Debug Sampler,200,OK,tearDown Thread Group 1-20,text,true,,622,0,8,8,null,0,0,0
1666874950680,1517,ConfirmFlight,200,OK,tearDown Thread Group 1-28,text,true,,2403,826,7,7,https://blazedemo.com/confirmation.php,1517,0,0
1666874952197,0,Debug Sampler,200,OK,tearDown Thread Group 1-28,text,true,,635,0,7,7,null,0,0,0
1666874951571,700,ConfirmFlight,200,OK,tearDown Thread Group 1-40,text,true,,2502,810,6,6,https://blazedemo.com/confirmation.php,700,0,0
1666874952272,0,Debug Sampler,200,OK,tearDown Thread Group 1-40,text,true,,620,0,6,6,null,0,0,0
1666874952050,610,ConfirmFlight,200,OK,tearDown Thread Group 1-36,text,true,,2487,827,5,5,https://blazedemo.com/confirmation.php,610,0,0
1666874952660,1,Debug Sampler,200,OK,tearDown Thread Group 1-36,text,true,,633,0,5,5,null,0,0,0
1666874951366,1419,ConfirmFlight,200,OK,tearDown Thread Group 1-35,text,true,,2253,810,4,4,https://blazedemo.com/confirmation.php,1419,0,0
1666874952786,0,Debug Sampler,200,OK,tearDown Thread Group 1-35,text,true,,620,0,4,4,null,0,0,0
1666874950347,2718,ConfirmFlight,200,OK,tearDown Thread Group 1-34,text,true,,2375,815,4,4,https://blazedemo.com/confirmation.php,2718,0,0
1666874953066,0,Debug Sampler,200,OK,tearDown Thread Group 1-34,text,true,,622,0,4,4,null,0,0,0
1666874951800,1417,ConfirmFlight,200,OK,tearDown Thread Group 1-49,text,true,,2424,826,3,3,https://blazedemo.com/confirmation.php,1417,0,0
1666874953218,0,Debug Sampler,200,OK,tearDown Thread Group 1-49,text,true,,635,0,3,3,null,0,0,0
1666874952786,528,ConfirmFlight,200,OK,tearDown Thread Group 1-35,text,true,,2280,823,3,3,https://blazedemo.com/confirmation.php,526,0,0
1666874953314,1,Debug Sampler,200,OK,tearDown Thread Group 1-35,text,true,,629,0,3,3,null,0,0,0
1666874953218,541,ConfirmFlight,200,OK,tearDown Thread Group 1-49,text,true,,2474,815,2,2,https://blazedemo.com/confirmation.php,537,0,0
1666874953759,1,Debug Sampler,200,OK,tearDown Thread Group 1-49,text,true,,622,0,2,2,null,0,0,0
1666874951376,2745,ConfirmFlight,200,OK,tearDown Thread Group 1-43,text,true,,2420,826,1,1,https://blazedemo.com/confirmation.php,2716,0,0
1666874954121,0,Debug Sampler,200,OK,tearDown Thread Group 1-43,text,true,,634,0,1,1,null,0,0,0
